,File names,Sorted Distance score
0,image_1079.jpg,0.0
1,image_0772.jpg,1144.41
2,image_1307.jpg,2773.19
3,image_0127.jpg,5017.3
4,image_0479.jpg,5258.12
5,image_1250.jpg,5664.08
6,image_0948.jpg,6208.54
7,image_0964.jpg,7120.88
8,image_0953.jpg,7994.74
9,image_0151.jpg,8298.37
10,image_0973.jpg,9513.83
11,image_0724.jpg,10627.96
12,image_1196.jpg,11293.37
13,image_0386.jpg,12434.13
14,image_0692.jpg,12672.94
15,image_0832.jpg,13128.75
16,image_0603.jpg,14641.59
17,image_1261.jpg,15310.55
18,image_0163.jpg,16298.45
19,image_0807.jpg,16541.2
20,image_0894.jpg,18391.15
21,image_1227.jpg,21421.77
22,image_1046.jpg,23348.52
23,image_0100.jpg,23850.53
24,image_0502.jpg,24222.97
25,image_1095.jpg,24792.85
26,image_0268.jpg,27350.61
27,image_0261.jpg,28102.78
28,image_0316.jpg,29798.11
29,image_1257.jpg,30385.78
30,image_0688.jpg,30481.3
31,image_1238.jpg,32637.43
32,image_0534.jpg,32907.47
33,image_0303.jpg,33092.33
34,image_1111.jpg,37637.64
35,image_1317.jpg,37957.89
36,image_0737.jpg,38177.41
37,image_1204.jpg,38230.62
38,image_0247.jpg,38732.28
39,image_0962.jpg,38918.01
40,image_0646.jpg,42856.08
41,image_0429.jpg,43916.12
42,image_0131.jpg,44941.12
43,image_0758.jpg,45179.12
44,image_0128.jpg,45781.01
45,image_0107.jpg,47010.19
46,image_0279.jpg,47624.16
47,image_0567.jpg,47782.08
48,image_0877.jpg,48115.59
49,image_0683.jpg,48769.67
50,image_0904.jpg,48781.49
51,image_0331.jpg,52988.12
52,image_0483.jpg,53019.04
53,image_0245.jpg,53085.81
54,image_1316.jpg,53493.17
55,image_0815.jpg,53693.37
56,image_1255.jpg,54319.42
57,image_1355.jpg,54340.15
58,image_0625.jpg,55335.52
59,image_0600.jpg,57355.34
60,image_0930.jpg,58329.7
61,image_0708.jpg,61206.74
62,image_0333.jpg,62394.89
63,image_1043.jpg,63664.33
64,image_0614.jpg,63773.03
65,image_0833.jpg,65641.2
66,image_1207.jpg,66548.02
67,image_0186.jpg,71673.67
68,image_1326.jpg,71807.01
69,image_0995.jpg,73211.95
70,image_0089.jpg,73848.35
71,image_0003.jpg,74122.88
72,image_1084.jpg,74134.0
73,image_1199.jpg,74698.91
74,image_1153.jpg,74725.63
75,image_0413.jpg,76447.06
76,image_0370.jpg,76520.57
77,image_0035.jpg,77813.97
78,image_0485.jpg,79432.71
79,image_0565.jpg,80875.78
80,image_0741.jpg,86547.9
81,image_0978.jpg,89112.62
82,image_1116.jpg,90259.55
83,image_0477.jpg,90325.57
84,image_0970.jpg,94628.24
85,image_1273.jpg,98791.67
86,image_1161.jpg,104193.25
87,image_0216.jpg,105370.44
88,image_0072.jpg,107528.83
89,image_0195.jpg,108246.76
90,image_0293.jpg,108764.13
91,image_0446.jpg,109157.91
92,image_0731.jpg,110116.77
93,image_0857.jpg,113106.14
94,image_0910.jpg,113137.9
95,image_0781.jpg,114161.96
96,image_1241.jpg,120576.52
97,image_0411.jpg,120889.48
98,image_0940.jpg,121161.3
99,image_0258.jpg,121611.4
100,image_0294.jpg,125453.79
101,image_0788.jpg,125473.63
102,image_0936.jpg,126351.12
103,image_1090.jpg,126367.78
104,image_0039.jpg,126854.61
105,image_0641.jpg,126866.01
106,image_0344.jpg,128332.61
107,image_1232.jpg,130167.69
108,image_0053.jpg,130831.17
109,image_1177.jpg,132413.02
110,image_0945.jpg,133509.6
111,image_1231.jpg,137070.72
112,image_0262.jpg,138120.39
113,image_0838.jpg,140717.57
114,image_0317.jpg,142507.33
115,image_0241.jpg,143208.47
116,image_1244.jpg,145308.19
117,image_1175.jpg,146249.35
118,image_0748.jpg,149288.17
119,image_0667.jpg,154804.5
120,image_0034.jpg,154896.1
121,image_1138.jpg,157053.47
122,image_0277.jpg,160352.47
123,image_0591.jpg,161296.13
124,image_0578.jpg,162922.78
125,image_0083.jpg,164246.76
126,image_0805.jpg,168341.07
127,image_0376.jpg,174871.36
128,image_0050.jpg,175565.27
129,image_0137.jpg,184254.85
130,image_0027.jpg,185054.6
131,image_1271.jpg,186728.21
132,image_0225.jpg,192403.24
133,image_0322.jpg,197686.0
134,image_0022.jpg,197955.98
135,image_0497.jpg,199400.66
136,image_1294.jpg,202751.93
137,image_1243.jpg,204107.14
138,image_1268.jpg,210156.91
139,image_0084.jpg,211641.0
140,image_1097.jpg,212750.18
141,image_0729.jpg,213151.3
142,image_0472.jpg,213278.23
143,image_0397.jpg,214057.98
144,image_0088.jpg,222564.88
145,image_0606.jpg,222813.27
146,image_0121.jpg,223447.91
147,image_1174.jpg,227470.22
148,image_0204.jpg,227501.44
149,image_1005.jpg,229639.54
150,image_0500.jpg,230095.91
151,image_0360.jpg,233072.52
152,image_0855.jpg,234151.69
153,image_1087.jpg,234960.76
154,image_0434.jpg,236569.62
155,image_1067.jpg,240315.84
156,image_0494.jpg,241565.03
157,image_0289.jpg,244606.3
158,image_1112.jpg,248166.06
159,image_1181.jpg,248651.14
160,image_1023.jpg,250041.39
161,image_1027.jpg,250094.14
162,image_0365.jpg,252390.19
163,image_0668.jpg,252500.91
164,image_1291.jpg,253256.99
165,image_0410.jpg,253525.31
166,image_1264.jpg,255691.32
167,image_0372.jpg,256730.4
168,image_0882.jpg,257807.75
169,image_0816.jpg,258421.19
170,image_0169.jpg,260925.68
171,image_0765.jpg,261205.98
172,image_1037.jpg,263504.29
173,image_0323.jpg,265215.82
174,image_0237.jpg,265260.06
175,image_0823.jpg,266437.86
176,image_0283.jpg,268413.31
177,image_0752.jpg,268861.1
178,image_0858.jpg,271382.27
179,image_0907.jpg,271971.83
180,image_0548.jpg,277932.22
181,image_0092.jpg,278766.02
182,image_0898.jpg,279655.16
183,image_0449.jpg,281075.6
184,image_0071.jpg,281315.01
185,image_1124.jpg,283827.7
186,image_0354.jpg,288032.68
187,image_1327.jpg,295036.47
188,image_0980.jpg,304878.5
189,image_0811.jpg,306469.65
190,image_0605.jpg,307522.79
191,image_0455.jpg,314320.35
192,image_0789.jpg,321354.24
193,image_1146.jpg,329559.94
194,image_0626.jpg,331337.86
195,image_0517.jpg,333007.32
196,image_0052.jpg,340373.23
197,image_0952.jpg,341769.01
198,image_0590.jpg,342268.52
199,image_0276.jpg,348214.16
200,image_0761.jpg,351485.75
201,image_0969.jpg,355586.46
202,image_1200.jpg,358864.57
203,image_0130.jpg,360021.47
204,image_0782.jpg,360491.65
205,image_0601.jpg,365728.59
206,image_1336.jpg,365821.29
207,image_0295.jpg,367657.05
208,image_1282.jpg,375324.11
209,image_0817.jpg,376668.86
210,image_0675.jpg,378459.36
211,image_1102.jpg,380149.48
212,image_0726.jpg,384056.38
213,image_0320.jpg,396950.22
214,image_0739.jpg,399009.62
215,image_0271.jpg,402572.53
216,image_0094.jpg,403919.28
217,image_1176.jpg,407971.53
218,image_0612.jpg,408102.67
219,image_1350.jpg,409915.29
220,image_0822.jpg,413028.96
221,image_1056.jpg,414359.24
222,image_0571.jpg,414978.72
223,image_0913.jpg,416483.42
224,image_0014.jpg,419663.7
225,image_0914.jpg,421769.54
226,image_0192.jpg,421801.47
227,image_0542.jpg,426063.36
228,image_0176.jpg,426969.36
229,image_0167.jpg,427900.82
230,image_0341.jpg,433190.52
231,image_0197.jpg,434936.88
232,image_0111.jpg,441108.06
233,image_0310.jpg,448787.38
234,image_0933.jpg,451887.19
235,image_0687.jpg,452604.58
236,image_1286.jpg,460510.67
237,image_1210.jpg,466314.83
238,image_0707.jpg,467338.44
239,image_0480.jpg,469362.81
240,image_0275.jpg,470991.85
241,image_0005.jpg,473159.29
242,image_0286.jpg,475940.96
243,image_0132.jpg,476815.18
244,image_1348.jpg,480012.63
245,image_0895.jpg,487374.79
246,image_0263.jpg,488511.23
247,image_0142.jpg,495645.49
248,image_1010.jpg,498044.78
249,image_0424.jpg,499611.72
250,image_0298.jpg,501370.28
251,image_0899.jpg,501665.42
252,image_0147.jpg,502746.22
253,image_0905.jpg,514539.52
254,image_0764.jpg,518816.07
255,image_0265.jpg,527445.95
256,image_1334.jpg,527855.13
257,image_0463.jpg,529494.34
258,image_1002.jpg,530121.18
259,image_0767.jpg,538378.89
260,image_1237.jpg,543057.55
261,image_0989.jpg,544464.9
262,image_1036.jpg,548071.3
263,image_0033.jpg,548567.48
264,image_0613.jpg,548572.81
265,image_0967.jpg,554331.63
266,image_1017.jpg,554419.26
267,image_0794.jpg,555151.87
268,image_1308.jpg,555232.7
269,image_0998.jpg,566916.58
270,image_1040.jpg,567704.08
271,image_0880.jpg,570440.43
272,image_1345.jpg,571289.67
273,image_0152.jpg,576025.46
274,image_0836.jpg,581791.9
275,image_1108.jpg,581828.91
276,image_0076.jpg,582648.92
277,image_0044.jpg,582686.24
278,image_0629.jpg,586850.83
279,image_0628.jpg,588298.48
280,image_1051.jpg,590363.75
281,image_0656.jpg,590425.54
282,image_0746.jpg,605532.93
283,image_0860.jpg,606643.91
284,image_0139.jpg,609111.55
285,image_1020.jpg,612019.46
286,image_0730.jpg,613647.32
287,image_1251.jpg,614183.47
288,image_1341.jpg,615168.08
289,image_0790.jpg,615484.25
290,image_0026.jpg,627975.58
291,image_1191.jpg,628691.37
292,image_0824.jpg,630341.11
293,image_0168.jpg,633265.76
294,image_0780.jpg,635026.65
295,image_0597.jpg,635559.24
296,image_0848.jpg,636406.27
297,image_0025.jpg,638639.5
298,image_0676.jpg,641990.92
299,image_0959.jpg,642083.61
300,image_0699.jpg,644654.46
301,image_0078.jpg,646802.11
302,image_0435.jpg,648817.64
303,image_0579.jpg,649467.41
304,image_0798.jpg,655093.76
305,image_0728.jpg,657182.69
306,image_0486.jpg,657644.55
307,image_0398.jpg,664367.53
308,image_0636.jpg,667454.49
309,image_1265.jpg,670419.06
310,image_0749.jpg,678403.29
311,image_1050.jpg,678406.39
312,image_0787.jpg,679613.64
313,image_0235.jpg,680916.1
314,image_0521.jpg,682218.38
315,image_0802.jpg,682971.77
316,image_0906.jpg,685053.82
317,image_0727.jpg,686486.55
318,image_0284.jpg,687506.56
319,image_0257.jpg,687610.27
320,image_0458.jpg,688962.06
321,image_1014.jpg,690355.4
322,image_0559.jpg,693248.98
323,image_1212.jpg,694695.19
324,image_0082.jpg,696106.19
325,image_0719.jpg,699159.74
326,image_0818.jpg,701740.81
327,image_0580.jpg,704219.62
328,image_1074.jpg,724905.55
329,image_0670.jpg,725053.4
330,image_0498.jpg,726400.95
331,image_1026.jpg,726504.39
332,image_1001.jpg,728295.91
333,image_1306.jpg,729139.81
334,image_1183.jpg,732230.34
335,image_0736.jpg,734549.47
336,image_0219.jpg,737361.44
337,image_0814.jpg,738187.15
338,image_0006.jpg,738397.81
339,image_1041.jpg,738424.46
340,image_0190.jpg,742878.49
341,image_0694.jpg,752957.71
342,image_0649.jpg,753843.87
343,image_0254.jpg,756636.0
344,image_0301.jpg,771658.75
345,image_0202.jpg,772603.18
346,image_0673.jpg,774616.03
347,image_0269.jpg,777953.89
348,image_0690.jpg,786287.39
349,image_0830.jpg,786888.9
350,image_0106.jpg,787923.51
351,image_0103.jpg,788198.66
352,image_1266.jpg,788356.26
353,image_1045.jpg,795814.17
354,image_0744.jpg,800283.52
355,image_0912.jpg,800913.23
356,image_0349.jpg,802000.51
357,image_0156.jpg,803282.81
358,image_0172.jpg,803310.28
359,image_0428.jpg,804332.66
360,image_1066.jpg,807132.16
361,image_0800.jpg,809886.76
362,image_1145.jpg,810642.26
363,image_0183.jpg,810876.74
364,image_0415.jpg,819943.49
365,image_0273.jpg,822203.7
366,image_0108.jpg,823409.15
367,image_0924.jpg,826852.8
368,image_0725.jpg,828866.02
369,image_0513.jpg,831216.12
370,image_0319.jpg,834306.97
371,image_1287.jpg,836312.14
372,image_1285.jpg,837351.47
373,image_1151.jpg,839659.67
374,image_1299.jpg,840451.24
375,image_1028.jpg,842868.14
376,image_1030.jpg,850596.88
377,image_0220.jpg,851432.34
378,image_1192.jpg,851735.14
379,image_0223.jpg,852011.83
380,image_0495.jpg,858896.97
381,image_0251.jpg,862735.39
382,image_0342.jpg,865574.03
383,image_0030.jpg,868555.51
384,image_0373.jpg,870824.63
385,image_0023.jpg,875115.29
386,image_1022.jpg,889978.78
387,image_0897.jpg,894900.25
388,image_0177.jpg,903763.69
389,image_0403.jpg,908038.56
390,image_0452.jpg,909709.97
391,image_0545.jpg,911372.63
392,image_0490.jpg,918848.79
393,image_0593.jpg,919445.17
394,image_1220.jpg,948501.07
395,image_0990.jpg,949350.4
396,image_0266.jpg,949389.75
397,image_0419.jpg,954201.25
398,image_0442.jpg,955584.96
399,image_0213.jpg,959425.84
400,image_0501.jpg,959662.61
401,image_0001.jpg,959890.37
402,image_0766.jpg,961588.28
403,image_0209.jpg,969130.13
404,image_1083.jpg,972357.17
405,image_0081.jpg,972628.83
406,image_0757.jpg,979567.37
407,image_0207.jpg,979929.07
408,image_0677.jpg,987444.1
409,image_0481.jpg,989772.33
410,image_0086.jpg,990773.47
411,image_1337.jpg,991491.67
412,image_0983.jpg,992847.21
413,image_0055.jpg,998218.78
414,image_0971.jpg,1015074.31
415,image_0691.jpg,1015402.07
416,image_1133.jpg,1020216.23
417,image_0345.jpg,1029103.68
418,image_0326.jpg,1029450.1
419,image_0538.jpg,1030809.39
420,image_1357.jpg,1034788.15
421,image_0873.jpg,1043772.14
422,image_0143.jpg,1044659.74
423,image_1165.jpg,1044858.42
424,image_0243.jpg,1050790.55
425,image_0553.jpg,1051261.55
426,image_1331.jpg,1061185.25
427,image_0351.jpg,1070564.12
428,image_0334.jpg,1075551.35
429,image_0154.jpg,1078811.09
430,image_0236.jpg,1085863.35
431,image_1035.jpg,1086559.11
432,image_1080.jpg,1092902.31
433,image_0013.jpg,1098722.56
434,image_1333.jpg,1102042.56
435,image_0813.jpg,1102203.33
436,image_1262.jpg,1106185.65
437,image_0514.jpg,1109123.66
438,image_1166.jpg,1109773.46
439,image_0300.jpg,1111360.07
440,image_0684.jpg,1114795.87
441,image_0750.jpg,1114963.32
442,image_1324.jpg,1118468.34
443,image_0633.jpg,1119270.99
444,image_0759.jpg,1119839.0
445,image_0367.jpg,1119951.51
446,image_1012.jpg,1126416.02
447,image_0797.jpg,1130511.04
448,image_1259.jpg,1131276.86
449,image_0653.jpg,1135615.3
450,image_1085.jpg,1135624.0
451,image_0623.jpg,1137290.39
452,image_0847.jpg,1141807.92
453,image_0581.jpg,1142288.28
454,image_0385.jpg,1150169.56
455,image_1103.jpg,1152568.1
456,image_0436.jpg,1162567.34
457,image_0985.jpg,1165499.08
458,image_0695.jpg,1170312.42
459,image_1234.jpg,1173053.15
460,image_0457.jpg,1198249.96
461,image_1213.jpg,1198829.0
462,image_1347.jpg,1199548.04
463,image_0250.jpg,1206209.8
464,image_0977.jpg,1212553.12
465,image_0468.jpg,1215280.59
466,image_0459.jpg,1218871.18
467,image_1194.jpg,1225313.28
468,image_0947.jpg,1230353.12
469,image_1121.jpg,1233736.7
470,image_0430.jpg,1239762.24
471,image_0451.jpg,1240822.08
472,image_1270.jpg,1242536.92
473,image_0994.jpg,1243848.04
474,image_1033.jpg,1244418.61
475,image_0867.jpg,1246866.73
476,image_1152.jpg,1258508.78
477,image_0596.jpg,1265423.13
478,image_0011.jpg,1267044.19
479,image_1198.jpg,1269045.48
480,image_0640.jpg,1271214.08
481,image_1058.jpg,1280910.39
482,image_0437.jpg,1280977.4
483,image_0390.jpg,1282982.56
484,image_0445.jpg,1286314.53
485,image_0774.jpg,1289237.04
486,image_1216.jpg,1300556.66
487,image_1284.jpg,1300623.22
488,image_0925.jpg,1307048.89
489,image_0664.jpg,1307348.35
490,image_0958.jpg,1313540.41
491,image_0146.jpg,1319364.6
492,image_1148.jpg,1323824.77
493,image_0889.jpg,1331553.25
494,image_0133.jpg,1338645.21
495,image_0714.jpg,1348169.59
496,image_0602.jpg,1353824.93
497,image_0617.jpg,1354281.99
498,image_1171.jpg,1355706.85
499,image_0561.jpg,1358399.69
500,image_0054.jpg,1363885.54
501,image_0017.jpg,1368787.06
502,image_0760.jpg,1379466.18
503,image_0992.jpg,1379994.33
504,image_0336.jpg,1391882.86
505,image_0634.jpg,1393415.99
506,image_0886.jpg,1406092.49
507,image_0503.jpg,1419060.43
508,image_0282.jpg,1419726.41
509,image_1289.jpg,1422116.09
510,image_0535.jpg,1429656.58
511,image_0763.jpg,1435396.01
512,image_0742.jpg,1437980.51
513,image_0487.jpg,1441565.93
514,image_0648.jpg,1442662.33
515,image_0371.jpg,1442780.93
516,image_0126.jpg,1448976.42
517,image_1120.jpg,1466223.88
518,image_0652.jpg,1478693.79
519,image_0098.jpg,1496416.16
520,image_1178.jpg,1500437.61
521,image_1301.jpg,1512812.57
522,image_0680.jpg,1524733.19
523,image_1330.jpg,1531685.86
524,image_1069.jpg,1539505.2
525,image_0666.jpg,1539551.82
526,image_0232.jpg,1547342.36
527,image_0040.jpg,1554317.86
528,image_1322.jpg,1554689.81
529,image_0526.jpg,1566320.73
530,image_0639.jpg,1569977.98
531,image_0588.jpg,1572686.79
532,image_0536.jpg,1574846.94
533,image_0047.jpg,1578074.04
534,image_0810.jpg,1578165.81
535,image_0972.jpg,1578787.49
536,image_1315.jpg,1581949.46
537,image_1013.jpg,1582101.35
538,image_0572.jpg,1586117.4
539,image_0826.jpg,1590326.26
540,image_0117.jpg,1591149.01
541,image_0672.jpg,1595990.79
542,image_0178.jpg,1596215.52
543,image_0589.jpg,1598850.77
544,image_0732.jpg,1611760.32
545,image_1009.jpg,1614079.59
546,image_0563.jpg,1616683.2
547,image_0577.jpg,1623257.29
548,image_1173.jpg,1626644.32
549,image_1247.jpg,1634450.43
550,image_1004.jpg,1640347.7
551,image_0853.jpg,1642870.98
552,image_0609.jpg,1644876.78
553,image_0401.jpg,1646193.62
554,image_0615.jpg,1646635.76
555,image_1150.jpg,1654667.26
556,image_1021.jpg,1657273.0
557,image_0292.jpg,1658922.22
558,image_1053.jpg,1668101.85
559,image_0338.jpg,1670037.5
560,image_0057.jpg,1676937.42
561,image_0482.jpg,1678054.69
562,image_0170.jpg,1678243.47
563,image_1313.jpg,1681607.07
564,image_0461.jpg,1686944.13
565,image_1105.jpg,1688477.37
566,image_0309.jpg,1688479.33
567,image_0484.jpg,1693762.38
568,image_1119.jpg,1713319.0
569,image_1323.jpg,1715235.82
570,image_1230.jpg,1718631.88
571,image_0756.jpg,1721290.26
572,image_0821.jpg,1732653.53
573,image_0114.jpg,1741310.12
574,image_0123.jpg,1742001.27
575,image_0402.jpg,1761590.28
576,image_1219.jpg,1765375.52
577,image_0635.jpg,1769440.01
578,image_0162.jpg,1772204.25
579,image_0306.jpg,1773822.15
580,image_0620.jpg,1789171.67
581,image_0544.jpg,1796210.19
582,image_0738.jpg,1797706.26
583,image_0671.jpg,1798815.04
584,image_0465.jpg,1813041.21
585,image_0456.jpg,1816250.69
586,image_0859.jpg,1827780.96
587,image_0287.jpg,1827873.12
588,image_0878.jpg,1830821.95
589,image_0773.jpg,1834965.8
590,image_0314.jpg,1837523.64
591,image_0439.jpg,1841139.12
592,image_1360.jpg,1843698.88
593,image_1184.jpg,1848265.09
594,image_1032.jpg,1857768.29
595,image_1082.jpg,1859608.59
596,image_1131.jpg,1860219.09
597,image_0796.jpg,1864982.65
598,image_0024.jpg,1874757.16
599,image_0362.jpg,1881232.96
600,image_1276.jpg,1890516.85
601,image_0527.jpg,1891466.9
602,image_0786.jpg,1891971.36
603,image_0783.jpg,1894996.13
604,image_0650.jpg,1895902.41
605,image_0253.jpg,1896125.73
606,image_0537.jpg,1899167.93
607,image_0584.jpg,1910024.91
608,image_1070.jpg,1910335.15
609,image_0662.jpg,1926041.75
610,image_0705.jpg,1926821.4
611,image_1338.jpg,1930276.31
612,image_0852.jpg,1932287.54
613,image_0509.jpg,1960520.03
614,image_0734.jpg,1962829.38
615,image_0211.jpg,1971165.7
616,image_0264.jpg,1974716.91
617,image_0991.jpg,1977306.79
618,image_0706.jpg,1978473.99
619,image_1303.jpg,2006029.92
620,image_0562.jpg,2009283.65
621,image_1149.jpg,2012790.6
622,image_0523.jpg,2012953.22
623,image_1109.jpg,2029030.39
624,image_0965.jpg,2038131.8
625,image_1114.jpg,2038604.81
626,image_1159.jpg,2039848.43
627,image_0116.jpg,2049819.51
628,image_0735.jpg,2062653.79
629,image_0157.jpg,2070281.69
630,image_0466.jpg,2079491.32
631,image_1346.jpg,2082953.54
632,image_1233.jpg,2085436.62
633,image_1042.jpg,2099164.26
634,image_0554.jpg,2109686.63
635,image_0129.jpg,2112874.78
636,image_0718.jpg,2113185.23
637,image_0389.jpg,2114459.19
638,image_0525.jpg,2115813.56
639,image_0339.jpg,2122933.2
640,image_0138.jpg,2141278.52
641,image_0242.jpg,2142428.07
642,image_1169.jpg,2150051.16
643,image_1007.jpg,2158111.12
644,image_0546.jpg,2173237.25
645,image_1222.jpg,2174860.41
646,image_0976.jpg,2176466.67
647,image_0558.jpg,2185163.46
648,image_0325.jpg,2198584.09
649,image_0304.jpg,2212575.64
650,image_0392.jpg,2214834.49
651,image_0343.jpg,2218904.3
652,image_1318.jpg,2230021.9
653,image_0462.jpg,2233253.77
654,image_0865.jpg,2236527.98
655,image_1160.jpg,2236848.59
656,image_1127.jpg,2236848.71
657,image_1344.jpg,2247704.42
658,image_0929.jpg,2255765.04
659,image_1117.jpg,2268843.74
660,image_0124.jpg,2278482.12
661,image_0954.jpg,2279343.08
662,image_0951.jpg,2285498.91
663,image_0926.jpg,2289770.26
664,image_0199.jpg,2290014.76
665,image_0512.jpg,2307668.91
666,image_0678.jpg,2307960.55
667,image_0175.jpg,2311902.33
668,image_0318.jpg,2318022.91
669,image_0556.jpg,2323896.65
670,image_0068.jpg,2328729.47
671,image_0238.jpg,2334072.04
672,image_0654.jpg,2336893.76
673,image_0622.jpg,2359199.56
674,image_0740.jpg,2370819.32
675,image_1136.jpg,2372782.81
676,image_0784.jpg,2374242.4
677,image_0058.jpg,2375348.44
678,image_0808.jpg,2391288.84
679,image_1354.jpg,2415462.29
680,image_0717.jpg,2417720.25
681,image_0530.jpg,2421072.73
682,image_1000.jpg,2421604.0
683,image_0555.jpg,2424109.98
684,image_0038.jpg,2425896.74
685,image_0686.jpg,2426013.98
686,image_0405.jpg,2432789.44
687,image_1157.jpg,2434093.34
688,image_1099.jpg,2437895.65
689,image_0313.jpg,2438186.7
690,image_0522.jpg,2452021.36
691,image_0278.jpg,2453552.4
692,image_0785.jpg,2457933.05
693,image_1081.jpg,2461331.2
694,image_0384.jpg,2463750.98
695,image_0624.jpg,2465182.77
696,image_0387.jpg,2471210.71
697,image_0888.jpg,2478843.33
698,image_0297.jpg,2493186.46
699,image_0427.jpg,2514925.96
700,image_0679.jpg,2518503.79
701,image_0422.jpg,2524938.21
702,image_1063.jpg,2529607.29
703,image_0021.jpg,2532351.99
704,image_0515.jpg,2557705.26
705,image_0148.jpg,2561002.9
706,image_1006.jpg,2564624.44
707,image_1254.jpg,2564774.64
708,image_0923.jpg,2578107.02
709,image_1269.jpg,2584720.14
710,image_0551.jpg,2587975.22
711,image_0887.jpg,2597061.92
712,image_0488.jpg,2604216.91
713,image_0066.jpg,2604338.32
714,image_0776.jpg,2640999.66
715,image_0909.jpg,2653955.3
716,image_0885.jpg,2656230.13
717,image_0109.jpg,2665031.3
718,image_0917.jpg,2674651.43
719,image_0957.jpg,2676326.46
720,image_0869.jpg,2683829.74
721,image_1206.jpg,2695453.6
722,image_0966.jpg,2698191.3
723,image_0474.jpg,2699049.61
724,image_1290.jpg,2700493.3
725,image_0845.jpg,2712341.79
726,image_0431.jpg,2716551.02
727,image_0164.jpg,2720851.32
728,image_0661.jpg,2721346.22
729,image_0935.jpg,2734787.7
730,image_0311.jpg,2741769.75
731,image_0464.jpg,2753861.83
732,image_0993.jpg,2758875.26
733,image_0015.jpg,2761131.5
734,image_0809.jpg,2773141.21
735,image_0377.jpg,2777183.73
736,image_1310.jpg,2786065.94
737,image_0820.jpg,2805218.18
738,image_0388.jpg,2806576.7
739,image_0217.jpg,2809379.68
740,image_1093.jpg,2811992.96
741,image_1141.jpg,2820439.22
742,image_0890.jpg,2825610.53
743,image_0861.jpg,2827126.31
744,image_1235.jpg,2845189.7
745,image_1057.jpg,2854023.61
746,image_0573.jpg,2855161.1
747,image_0986.jpg,2856864.62
748,image_0122.jpg,2857248.45
749,image_0059.jpg,2867215.65
750,image_0102.jpg,2872385.51
751,image_0229.jpg,2873099.67
752,image_1358.jpg,2883565.7
753,image_0507.jpg,2893242.48
754,image_0879.jpg,2899401.0
755,image_0850.jpg,2968516.01
756,image_0651.jpg,2983975.14
757,image_0856.jpg,3007010.49
758,image_0607.jpg,3023345.84
759,image_0754.jpg,3026189.33
760,image_0939.jpg,3043135.21
761,image_0205.jpg,3044738.17
762,image_0095.jpg,3061336.51
763,image_0353.jpg,3071491.89
764,image_0165.jpg,3079351.18
765,image_0467.jpg,3099727.44
766,image_0113.jpg,3144931.01
767,image_0872.jpg,3168993.79
768,image_0208.jpg,3181018.53
769,image_0302.jpg,3182005.3
770,image_1236.jpg,3183332.92
771,image_0941.jpg,3183769.34
772,image_0159.jpg,3199584.97
773,image_0067.jpg,3201666.45
774,image_1293.jpg,3203567.19
775,image_0779.jpg,3204092.35
776,image_0552.jpg,3205342.66
777,image_0529.jpg,3208941.61
778,image_1296.jpg,3213856.28
779,image_0492.jpg,3220666.09
780,image_1100.jpg,3237256.75
781,image_0355.jpg,3241923.13
782,image_0812.jpg,3257174.02
783,image_0378.jpg,3272401.12
784,image_1246.jpg,3272840.89
785,image_0681.jpg,3285107.37
786,image_0420.jpg,3293075.34
787,image_0193.jpg,3294944.26
788,image_0627.jpg,3320716.11
789,image_0716.jpg,3326231.92
790,image_1129.jpg,3370610.35
791,image_0101.jpg,3377761.59
792,image_1110.jpg,3378416.82
793,image_1170.jpg,3392194.04
794,image_0296.jpg,3403596.81
795,image_0931.jpg,3432247.17
796,image_1245.jpg,3441688.85
797,image_0062.jpg,3451084.8
798,image_0974.jpg,3452059.2
799,image_0189.jpg,3456801.71
800,image_0632.jpg,3465642.85
801,image_1195.jpg,3474086.01
802,image_1155.jpg,3475666.84
803,image_1038.jpg,3488987.18
804,image_0987.jpg,3489448.61
805,image_0181.jpg,3491648.77
806,image_1256.jpg,3495485.75
807,image_0409.jpg,3499906.77
808,image_1062.jpg,3518788.67
809,image_0470.jpg,3525118.24
810,image_1209.jpg,3539423.41
811,image_1356.jpg,3555372.73
812,image_0928.jpg,3571351.77
813,image_0120.jpg,3588059.51
814,image_0383.jpg,3591619.09
815,image_0960.jpg,3594182.33
816,image_1267.jpg,3600761.28
817,image_1132.jpg,3613447.1
818,image_0379.jpg,3623048.33
819,image_0893.jpg,3624124.48
820,image_1163.jpg,3625599.24
821,image_1311.jpg,3640498.32
822,image_0412.jpg,3649300.03
823,image_1107.jpg,3654263.21
824,image_0896.jpg,3666405.23
825,image_0791.jpg,3674281.48
826,image_1275.jpg,3685586.6
827,image_1260.jpg,3688805.31
828,image_1139.jpg,3689609.72
829,image_1101.jpg,3691577.93
830,image_0004.jpg,3694147.84
831,image_1226.jpg,3718217.03
832,image_0587.jpg,3720434.59
833,image_1239.jpg,3727156.07
834,image_0709.jpg,3729597.62
835,image_1168.jpg,3730225.4
836,image_1202.jpg,3730955.02
837,image_0346.jpg,3733803.18
838,image_1339.jpg,3745491.8
839,image_0049.jpg,3747865.42
840,image_0166.jpg,3766984.81
841,image_0881.jpg,3769198.43
842,image_1351.jpg,3772711.37
843,image_0270.jpg,3780886.56
844,image_0655.jpg,3814683.15
845,image_1288.jpg,3815302.52
846,image_0450.jpg,3816043.05
847,image_0946.jpg,3823870.75
848,image_0674.jpg,3825721.52
849,image_0332.jpg,3828864.71
850,image_0069.jpg,3828987.42
851,image_0702.jpg,3843626.14
852,image_1240.jpg,3845684.14
853,image_0864.jpg,3871931.58
854,image_0214.jpg,3878274.23
855,image_0768.jpg,3878751.49
856,image_0491.jpg,3881130.98
857,image_0393.jpg,3901053.98
858,image_0586.jpg,3901718.12
859,image_0375.jpg,3907152.2
860,image_0018.jpg,3935433.56
861,image_0733.jpg,3935707.24
862,image_0042.jpg,3977847.09
863,image_0144.jpg,3981903.54
864,image_0846.jpg,4002851.29
865,image_0827.jpg,4021476.64
866,image_0149.jpg,4024887.18
867,image_0524.jpg,4025604.73
868,image_1263.jpg,4045965.2
869,image_0036.jpg,4053025.85
870,image_0564.jpg,4067061.74
871,image_0703.jpg,4068502.48
872,image_0643.jpg,4083928.9
873,image_1182.jpg,4084803.86
874,image_1180.jpg,4088452.72
875,image_0566.jpg,4090242.85
876,image_1298.jpg,4090704.83
877,image_1073.jpg,4094735.72
878,image_0988.jpg,4094910.11
879,image_0274.jpg,4113961.67
880,image_0417.jpg,4128291.31
881,image_0099.jpg,4144646.32
882,image_0751.jpg,4147542.73
883,image_1126.jpg,4166980.12
884,image_0210.jpg,4168078.42
885,image_1049.jpg,4184961.15
886,image_0619.jpg,4198826.95
887,image_1122.jpg,4226308.38
888,image_0932.jpg,4235040.34
889,image_0150.jpg,4258721.47
890,image_0335.jpg,4266730.59
891,image_0920.jpg,4296868.23
892,image_0803.jpg,4302324.26
893,image_1076.jpg,4302456.7
894,image_1128.jpg,4309507.51
895,image_0002.jpg,4328197.62
896,image_0448.jpg,4346248.48
897,image_0911.jpg,4352768.8
898,image_1140.jpg,4370825.11
899,image_1314.jpg,4387178.11
900,image_0982.jpg,4391840.93
901,image_0280.jpg,4419824.7
902,image_1115.jpg,4426764.01
903,image_0155.jpg,4430095.37
904,image_0366.jpg,4441066.34
905,image_1089.jpg,4443939.85
906,image_0533.jpg,4449769.64
907,image_0352.jpg,4452485.54
908,image_0324.jpg,4459427.52
909,image_0611.jpg,4466687.77
910,image_0065.jpg,4475851.08
911,image_1137.jpg,4485881.93
912,image_0374.jpg,4497657.16
913,image_0358.jpg,4503078.05
914,image_0560.jpg,4504611.07
915,image_1320.jpg,4509150.94
916,image_0460.jpg,4513683.23
917,image_0575.jpg,4526468.58
918,image_0689.jpg,4528605.53
919,image_0831.jpg,4534816.9
920,image_1003.jpg,4545950.17
921,image_0246.jpg,4563400.05
922,image_0194.jpg,4570601.75
923,image_1143.jpg,4577549.6
924,image_0511.jpg,4579250.6
925,image_0396.jpg,4586685.55
926,image_1359.jpg,4587377.61
927,image_0337.jpg,4595096.48
928,image_1295.jpg,4633017.36
929,image_0180.jpg,4646644.99
930,image_0200.jpg,4658485.7
931,image_1217.jpg,4659833.52
932,image_1029.jpg,4663679.52
933,image_0433.jpg,4663788.45
934,image_0153.jpg,4664512.23
935,image_0621.jpg,4665205.31
936,image_0568.jpg,4685562.84
937,image_1258.jpg,4691790.05
938,image_1048.jpg,4698350.14
939,image_0135.jpg,4705769.61
940,image_0230.jpg,4709854.66
941,image_1158.jpg,4714236.51
942,image_1329.jpg,4731034.83
943,image_0540.jpg,4735137.39
944,image_1280.jpg,4752411.18
945,image_0704.jpg,4780357.43
946,image_0755.jpg,4786618.38
947,image_0608.jpg,4788066.88
948,image_0469.jpg,4792319.31
949,image_1054.jpg,4796664.88
950,image_0981.jpg,4809676.17
951,image_0712.jpg,4826127.56
952,image_0504.jpg,4840422.45
953,image_0793.jpg,4842116.28
954,image_0531.jpg,4857184.74
955,image_1189.jpg,4881761.8
956,image_0443.jpg,4928566.94
957,image_0996.jpg,4951927.55
958,image_1281.jpg,4954359.18
959,image_1016.jpg,4985114.55
960,image_1253.jpg,5009018.76
961,image_0520.jpg,5015378.3
962,image_0255.jpg,5026597.85
963,image_0918.jpg,5033274.99
964,image_1130.jpg,5035642.72
965,image_0903.jpg,5069055.16
966,image_0849.jpg,5070188.54
967,image_0950.jpg,5070981.57
968,image_1208.jpg,5085916.35
969,image_1332.jpg,5105625.26
970,image_0441.jpg,5109237.38
971,image_0454.jpg,5120873.82
972,image_0908.jpg,5131423.7
973,image_1242.jpg,5154994.8
974,image_0944.jpg,5162560.12
975,image_1274.jpg,5162574.63
976,image_1190.jpg,5170037.83
977,image_1167.jpg,5175056.6
978,image_0075.jpg,5178946.9
979,image_0665.jpg,5195305.49
980,image_1075.jpg,5197755.21
981,image_0722.jpg,5232034.45
982,image_0698.jpg,5236788.29
983,image_1319.jpg,5263179.32
984,image_1225.jpg,5265277.8
985,image_0839.jpg,5267570.32
986,image_1086.jpg,5309402.42
987,image_0955.jpg,5309737.14
988,image_1071.jpg,5317231.51
989,image_0862.jpg,5330205.55
990,image_0685.jpg,5340847.6
991,image_1011.jpg,5346803.78
992,image_0919.jpg,5370306.27
993,image_0361.jpg,5378788.17
994,image_0432.jpg,5386080.73
995,image_0644.jpg,5397510.93
996,image_0228.jpg,5415125.0
997,image_0077.jpg,5416733.26
998,image_0594.jpg,5432678.19
999,image_0426.jpg,5447724.24
1000,image_0203.jpg,5452701.41
1001,image_0747.jpg,5475212.02
1002,image_1059.jpg,5495891.61
1003,image_0663.jpg,5508538.23
1004,image_0518.jpg,5548334.39
1005,image_0171.jpg,5560513.1
1006,image_0799.jpg,5562041.98
1007,image_0934.jpg,5565313.76
1008,image_0348.jpg,5587967.73
1009,image_1304.jpg,5591666.12
1010,image_0854.jpg,5604116.52
1011,image_0762.jpg,5607475.53
1012,image_0056.jpg,5613010.1
1013,image_0074.jpg,5613225.52
1014,image_0382.jpg,5627113.32
1015,image_0723.jpg,5633702.17
1016,image_0884.jpg,5639344.74
1017,image_0570.jpg,5641401.57
1018,image_1134.jpg,5649389.72
1019,image_1214.jpg,5664130.49
1020,image_1193.jpg,5679151.93
1021,image_0110.jpg,5683151.64
1022,image_1300.jpg,5712279.8
1023,image_1309.jpg,5745647.84
1024,image_0696.jpg,5754370.65
1025,image_0697.jpg,5771880.95
1026,image_1039.jpg,5774528.03
1027,image_0115.jpg,5779924.95
1028,image_1292.jpg,5787543.83
1029,image_1144.jpg,5792012.45
1030,image_0875.jpg,5881835.01
1031,image_0901.jpg,5920774.76
1032,image_0499.jpg,5941684.85
1033,image_0161.jpg,5945359.37
1034,image_1179.jpg,5950088.62
1035,image_1078.jpg,5955371.64
1036,image_0769.jpg,5981924.12
1037,image_0505.jpg,5995909.06
1038,image_0248.jpg,6002786.08
1039,image_1325.jpg,6079568.7
1040,image_0618.jpg,6080219.61
1041,image_0519.jpg,6116022.56
1042,image_1197.jpg,6119261.78
1043,image_0231.jpg,6189554.79
1044,image_1088.jpg,6196577.75
1045,image_0975.jpg,6216470.52
1046,image_0569.jpg,6221258.61
1047,image_0212.jpg,6234638.13
1048,image_1060.jpg,6243438.95
1049,image_0508.jpg,6262185.69
1050,image_0007.jpg,6265175.45
1051,image_0657.jpg,6268355.59
1052,image_0136.jpg,6271419.64
1053,image_0063.jpg,6292185.3
1054,image_0085.jpg,6308935.7
1055,image_0222.jpg,6310350.62
1056,image_0188.jpg,6324040.02
1057,image_0949.jpg,6339058.83
1058,image_0828.jpg,6344909.04
1059,image_0825.jpg,6348794.6
1060,image_0259.jpg,6411929.27
1061,image_0506.jpg,6431733.94
1062,image_0118.jpg,6466040.54
1063,image_1125.jpg,6489655.77
1064,image_0321.jpg,6497681.15
1065,image_1098.jpg,6503752.99
1066,image_1249.jpg,6521494.8
1067,image_0160.jpg,6531544.43
1068,image_0158.jpg,6540034.34
1069,image_0835.jpg,6546403.46
1070,image_0547.jpg,6568271.67
1071,image_1034.jpg,6568272.86
1072,image_0173.jpg,6569021.44
1073,image_0218.jpg,6582293.73
1074,image_0942.jpg,6594083.3
1075,image_0637.jpg,6625608.0
1076,image_0009.jpg,6626755.11
1077,image_0999.jpg,6640496.44
1078,image_0447.jpg,6641126.91
1079,image_1047.jpg,6653878.24
1080,image_0701.jpg,6676182.73
1081,image_0711.jpg,6695607.02
1082,image_0473.jpg,6701130.56
1083,image_1321.jpg,6701743.53
1084,image_0444.jpg,6703175.87
1085,image_0871.jpg,6715144.21
1086,image_0256.jpg,6718270.66
1087,image_0583.jpg,6719795.19
1088,image_0368.jpg,6725903.11
1089,image_0804.jpg,6744457.75
1090,image_1279.jpg,6745585.07
1091,image_0031.jpg,6777024.62
1092,image_1072.jpg,6801011.84
1093,image_0073.jpg,6820609.94
1094,image_1172.jpg,6845250.55
1095,image_0347.jpg,6858707.3
1096,image_0381.jpg,6863442.75
1097,image_0968.jpg,6867226.4
1098,image_0288.jpg,6882306.92
1099,image_1052.jpg,6889272.15
1100,image_0140.jpg,6901029.64
1101,image_0851.jpg,6901350.84
1102,image_1113.jpg,6914279.32
1103,image_1187.jpg,6921846.38
1104,image_0528.jpg,6928753.97
1105,image_0840.jpg,6948836.43
1106,image_0299.jpg,6977476.71
1107,image_0206.jpg,6981125.3
1108,image_0837.jpg,6997155.63
1109,image_0863.jpg,7030916.51
1110,image_0630.jpg,7032636.8
1111,image_0549.jpg,7059719.11
1112,image_1092.jpg,7075841.23
1113,image_0478.jpg,7078237.43
1114,image_0281.jpg,7097734.79
1115,image_0585.jpg,7128320.87
1116,image_0119.jpg,7150400.65
1117,image_1142.jpg,7151338.02
1118,image_0363.jpg,7175103.45
1119,image_0550.jpg,7175962.08
1120,image_0902.jpg,7184918.12
1121,image_0285.jpg,7186115.45
1122,image_1156.jpg,7189883.84
1123,image_0328.jpg,7197957.54
1124,image_0395.jpg,7219732.16
1125,image_1094.jpg,7231639.09
1126,image_0215.jpg,7254867.98
1127,image_0112.jpg,7272393.31
1128,image_0391.jpg,7284037.26
1129,image_0394.jpg,7285371.58
1130,image_0440.jpg,7302706.03
1131,image_0356.jpg,7304345.12
1132,image_0330.jpg,7343082.11
1133,image_0185.jpg,7358519.52
1134,image_0710.jpg,7360653.08
1135,image_0647.jpg,7360828.77
1136,image_1221.jpg,7412820.04
1137,image_0184.jpg,7424124.9
1138,image_0604.jpg,7479649.97
1139,image_0105.jpg,7486865.65
1140,image_0874.jpg,7493183.85
1141,image_0019.jpg,7502203.18
1142,image_0489.jpg,7504957.02
1143,image_1188.jpg,7525798.64
1144,image_0125.jpg,7530148.75
1145,image_1343.jpg,7544369.29
1146,image_0404.jpg,7562616.07
1147,image_0700.jpg,7573820.35
1148,image_0956.jpg,7587804.23
1149,image_0745.jpg,7593070.29
1150,image_0196.jpg,7598380.54
1151,image_0510.jpg,7605536.01
1152,image_0916.jpg,7615843.69
1153,image_0008.jpg,7621577.09
1154,image_0642.jpg,7641383.74
1155,image_0516.jpg,7667426.92
1156,image_1201.jpg,7668623.82
1157,image_0984.jpg,7691751.89
1158,image_1312.jpg,7692453.11
1159,image_1205.jpg,7712462.45
1160,image_0249.jpg,7723195.75
1161,image_0938.jpg,7728610.33
1162,image_0012.jpg,7732306.51
1163,image_0638.jpg,7733724.3
1164,image_0892.jpg,7748696.55
1165,image_1123.jpg,7761472.39
1166,image_1164.jpg,7761718.73
1167,image_0844.jpg,7792305.59
1168,image_1135.jpg,7826832.71
1169,image_0943.jpg,7830401.45
1170,image_0541.jpg,7853329.05
1171,image_0032.jpg,7882310.55
1172,image_0795.jpg,7935541.95
1173,image_0841.jpg,7958849.5
1174,image_0659.jpg,7981568.65
1175,image_0870.jpg,7983438.65
1176,image_0029.jpg,8012992.52
1177,image_0060.jpg,8030191.45
1178,image_0179.jpg,8039479.83
1179,image_0496.jpg,8045416.64
1180,image_0226.jpg,8062654.87
1181,image_1044.jpg,8138153.82
1182,image_0201.jpg,8139999.95
1183,image_1068.jpg,8174420.98
1184,image_0350.jpg,8177440.19
1185,image_0438.jpg,8181099.15
1186,image_0753.jpg,8202480.14
1187,image_1283.jpg,8305493.97
1188,image_0961.jpg,8328123.1
1189,image_1147.jpg,8336767.8
1190,image_0174.jpg,8343810.88
1191,image_0423.jpg,8348863.96
1192,image_0715.jpg,8366681.83
1193,image_0016.jpg,8422530.83
1194,image_0227.jpg,8445439.47
1195,image_0051.jpg,8447364.8
1196,image_0080.jpg,8455772.99
1197,image_0819.jpg,8463208.51
1198,image_0927.jpg,8495821.81
1199,image_1162.jpg,8519809.56
1200,image_0041.jpg,8543092.31
1201,image_0425.jpg,8573024.6
1202,.ipynb_checkpoints,8573881.36
1203,image_1340.jpg,8601810.71
1204,image_0291.jpg,8625488.79
1205,image_0252.jpg,8662058.62
1206,image_0400.jpg,8680602.39
1207,image_1349.jpg,8767961.42
1208,image_1077.jpg,8771025.84
1209,image_0660.jpg,8798152.34
1210,image_0693.jpg,8889080.15
1211,image_0842.jpg,8930867.31
1212,image_0141.jpg,8947761.88
1213,image_0658.jpg,8949438.99
1214,image_0843.jpg,8968341.68
1215,image_0182.jpg,9021362.11
1216,image_1352.jpg,9033358.08
1217,image_0493.jpg,9034408.0
1218,image_0979.jpg,9053043.29
1219,image_0777.jpg,9067358.16
1220,image_1215.jpg,9080730.67
1221,image_0224.jpg,9136507.05
1222,image_0070.jpg,9155987.96
1223,image_0093.jpg,9169802.84
1224,image_1185.jpg,9170824.49
1225,image_1278.jpg,9172251.94
1226,image_0582.jpg,9239144.58
1227,image_0046.jpg,9246136.48
1228,image_1186.jpg,9274860.62
1229,image_0713.jpg,9301669.45
1230,image_1229.jpg,9346980.11
1231,image_0290.jpg,9362153.04
1232,image_0096.jpg,9402713.46
1233,image_0380.jpg,9402984.49
1234,image_0543.jpg,9452061.62
1235,image_0399.jpg,9469092.19
1236,image_1228.jpg,9505140.23
1237,image_0669.jpg,9514301.42
1238,image_0104.jpg,9518185.99
1239,image_1031.jpg,9600095.19
1240,image_0868.jpg,9625744.1
1241,image_1118.jpg,9635032.28
1242,image_0866.jpg,9647444.48
1243,image_0414.jpg,9660160.24
1244,image_0028.jpg,9684877.34
1245,image_0453.jpg,9703968.72
1246,image_1211.jpg,9735092.34
1247,image_1328.jpg,9778928.01
1248,image_0891.jpg,9842525.9
1249,image_0340.jpg,9940372.22
1250,image_1024.jpg,9993641.76
1251,image_1055.jpg,9998641.44
1252,image_0770.jpg,10016919.86
1253,image_0595.jpg,10050305.19
1254,image_0244.jpg,10088137.57
1255,image_0364.jpg,10088386.65
1256,image_1104.jpg,10100951.08
1257,image_0775.jpg,10150892.3
1258,image_0312.jpg,10183968.51
1259,image_0407.jpg,10185071.16
1260,image_0806.jpg,10224325.93
1261,image_1203.jpg,10321095.24
1262,image_0087.jpg,10322292.58
1263,image_0471.jpg,10384799.06
1264,image_1302.jpg,10415110.03
1265,image_0043.jpg,10422489.11
1266,image_1353.jpg,10448839.25
1267,image_0064.jpg,10523710.82
1268,image_0616.jpg,10586610.78
1269,image_1305.jpg,10597810.07
1270,image_0721.jpg,10597901.67
1271,image_0963.jpg,10673791.18
1272,image_0421.jpg,10744120.33
1273,image_1154.jpg,10749097.26
1274,image_0408.jpg,10762601.15
1275,image_0233.jpg,10765592.71
1276,image_0267.jpg,10808940.84
1277,image_0061.jpg,10833086.97
1278,image_1019.jpg,10835271.39
1279,image_0097.jpg,10904622.19
1280,image_0937.jpg,10949319.71
1281,image_1218.jpg,11046202.31
1282,image_0369.jpg,11069643.8
1283,image_1106.jpg,11144801.3
1284,image_0574.jpg,11205852.91
1285,image_0829.jpg,11243266.97
1286,image_0720.jpg,11308394.68
1287,image_0329.jpg,11432001.12
1288,image_0922.jpg,11455821.86
1289,image_0539.jpg,11552743.55
1290,image_0037.jpg,11791687.82
1291,image_1008.jpg,11980729.58
1292,image_0305.jpg,11980866.09
1293,image_0240.jpg,12301020.82
1294,image_0876.jpg,12358495.08
1295,image_0272.jpg,12467449.9
1296,image_0915.jpg,12558389.27
1297,image_0359.jpg,12571793.4
1298,image_0778.jpg,12752351.1
1299,image_1252.jpg,12760023.44
1300,image_0743.jpg,12805302.33
1301,image_0771.jpg,12887651.85
1302,image_0406.jpg,12924374.39
1303,image_0532.jpg,13118639.09
1304,image_0476.jpg,13165519.6
1305,image_1224.jpg,13280755.77
1306,image_0557.jpg,13383218.16
1307,image_0592.jpg,13666826.94
1308,image_0090.jpg,13677382.26
1309,image_0576.jpg,13763665.8
1310,image_0307.jpg,13770685.38
1311,image_1335.jpg,14043025.61
1312,image_0234.jpg,14076597.99
1313,image_0091.jpg,14369461.74
1314,image_0315.jpg,14638715.33
1315,image_0997.jpg,15004307.51
1316,image_0079.jpg,15074813.5
1317,image_0327.jpg,15131119.99
1318,image_0308.jpg,15893658.84
1319,image_0198.jpg,15896204.7
1320,image_0239.jpg,16143335.81
1321,image_0610.jpg,16248444.98
1322,image_1297.jpg,16692243.32
1323,image_0599.jpg,17151367.3
1324,image_1064.jpg,17216479.29
1325,image_0020.jpg,17304399.5
1326,image_1272.jpg,17369355.88
1327,image_0187.jpg,18122276.46
1328,image_0191.jpg,18286982.96
1329,image_1015.jpg,18743353.84
1330,image_0145.jpg,18936473.97
1331,image_0883.jpg,19199638.1
1332,image_0418.jpg,19801220.57
1333,image_1277.jpg,19926305.36
1334,image_0010.jpg,20495389.04
1335,image_0357.jpg,20746249.83
1336,image_0048.jpg,21016077.39
1337,image_0631.jpg,21413479.92
1338,image_1091.jpg,24075377.07
1339,image_0416.jpg,24458117.82
1340,image_0045.jpg,24791999.62
1341,image_1065.jpg,24906290.54
1342,image_0598.jpg,25190773.95
1343,image_0921.jpg,25275179.92
1344,image_1248.jpg,25336602.93
1345,image_1096.jpg,25406097.38
1346,image_0645.jpg,25671136.65
1347,image_1018.jpg,26041703.97
1348,image_0792.jpg,26063914.56
1349,image_0801.jpg,26134904.38
1350,image_0900.jpg,26437936.12
1351,image_0834.jpg,27297265.05
1352,image_0260.jpg,28499680.67
1353,image_1223.jpg,29205128.61
1354,image_0221.jpg,30054824.72
1355,image_0475.jpg,30598224.89
1356,image_0682.jpg,30918802.15
1357,image_1342.jpg,31602890.5
1358,image_1025.jpg,32116721.62
1359,image_1061.jpg,33057395.78
